celebrity_name,ballroom_partner,celebrity_industry,celebrity_homestate,celebrity_homecountry/region,celebrity_age_during_season,season,results,placement,week1_judge1_score,week1_judge2_score,week1_judge3_score,week1_judge4_score,week2_judge1_score,week2_judge2_score,week2_judge3_score,week2_judge4_score,week3_judge1_score,week3_judge2_score,week3_judge3_score,week3_judge4_score,week4_judge1_score,week4_judge2_score,week4_judge3_score,week4_judge4_score,week5_judge1_score,week5_judge2_score,week5_judge3_score,week5_judge4_score,week6_judge1_score,week6_judge2_score,week6_judge3_score,week6_judge4_score,week7_judge1_score,week7_judge2_score,week7_judge3_score,week7_judge4_score,week8_judge1_score,week8_judge2_score,week8_judge3_score,week8_judge4_score,week9_judge1_score,week9_judge2_score,week9_judge3_score,week9_judge4_score,week10_judge1_score,week10_judge2_score,week10_judge3_score,week10_judge4_score,week11_judge1_score,week11_judge2_score,week11_judge3_score,week11_judge4_score,judge_count,max_score,voting_rule,voting_phase,elimination_week,week1_total,week1_avg,week2_total,week2_avg,week3_total,week3_avg,week4_total,week4_avg,week5_total,week5_avg,week6_total,week6_avg,week7_total,week7_avg,week8_total,week8_avg,week9_total,week9_avg,week10_total,week10_avg,week11_total,week11_avg,last_valid_week,partner_id,avg_score_all_weeks,score_trend
John O'Hurley,Charlotte Jorgensen,Actor/Actress,Maine,United States,50,1,2nd Place,2,7.0,7.0,6.0,,8.0,9.0,9.0,,9.0,8.0,7.0,,7.0,8.0,6.0,,9.0,9.0,9.0,,9.0,9.0,9.0,,,,,,,,,,,,,,,,,,,,,,3,30,rank,1,10,20.0,6.666666666666667,26.0,8.666666666666666,24.0,8.0,21.0,7.0,27.0,9.0,27.0,9.0,0.0,,0.0,,0.0,,0.0,,0.0,,6,0,24.166666666666668,1.0000000000000002
Kelly Monaco,Alec Mazo,Actor/Actress,Pennsylvania,United States,29,1,1st Place,1,5.0,4.0,4.0,,5.0,6.0,6.0,,6.0,7.0,8.0,,9.0,9.0,8.0,,8.5,7.5,7.5,,8.5,9.5,9.5,,,,,,,,,,,,,,,,,,,,,,3,30,rank,1,99,13.0,4.333333333333333,17.0,5.666666666666667,21.0,7.0,26.0,8.666666666666666,23.5,7.833333333333333,27.5,9.166666666666666,0.0,,0.0,,0.0,,0.0,,0.0,,6,1,21.333333333333332,2.771428571428571
Evander Holyfield,Edyta Sliwinska,Athlete,Alabama,United States,42,1,Eliminated Week 3,5,5.0,7.0,6.0,,5.0,4.0,5.0,,5.0,4.0,4.0,,0.0,0.0,0.0,,0.0,0.0,0.0,,0.0,0.0,0.0,,,,,,,,,,,,,,,,,,,,,,3,30,rank,1,3,18.0,6.0,14.0,4.666666666666667,13.0,4.333333333333333,0.0,0.0,0.0,0.0,0.0,0.0,0.0,,0.0,,0.0,,0.0,,0.0,,3,2,15.0,-2.4999999999999982
Rachel Hunter,Jonathan Roberts,Model,,New Zealand,35,1,Eliminated Week 4,4,7.0,6.0,7.0,,8.0,8.0,8.0,,8.0,9.0,9.0,,7.0,9.0,9.0,,0.0,0.0,0.0,,0.0,0.0,0.0,,,,,,,,,,,,,,,,,,,,,,3,30,rank,1,4,20.0,6.666666666666667,24.0,8.0,26.0,8.666666666666666,25.0,8.333333333333334,0.0,0.0,0.0,0.0,0.0,,0.0,,0.0,,0.0,,0.0,,4,3,23.75,1.7000000000000004
Joey McIntyre,Ashly DelGrosso,Singer/Rapper,Massachusetts,United States,32,1,3rd Place,3,7.0,7.0,6.0,,8.0,7.0,6.0,,7.0,7.0,8.0,,7.0,6.0,7.0,,8.5,7.0,7.0,,0.0,0.0,0.0,,,,,,,,,,,,,,,,,,,,,,3,30,rank,1,9,20.0,6.666666666666667,21.0,7.0,22.0,7.333333333333333,20.0,6.666666666666667,22.5,7.5,0.0,0.0,0.0,,0.0,,0.0,,0.0,,0.0,,5,4,21.1,0.3999999999999981
Trista Sutter,Louis van Amstel,Tv Personality,Indiana,United States,32,1,Eliminated Week 2,6,6.0,6.0,6.0,,6.0,7.0,6.0,,0.0,0.0,0.0,,0.0,0.0,0.0,,0.0,0.0,0.0,,0.0,0.0,0.0,,,,,,,,,,,,,,,,,,,,,,3,30,rank,1,2,18.0,6.0,19.0,6.333333333333333,0.0,0.0,0.0,0.0,0.0,0.0,0.0,0.0,0.0,,0.0,,0.0,,0.0,,0.0,,2,5,18.5,0.9999999999999956
Tatum O'Neal,Nick Kosovich,Actor/Actress,California,United States,42,2,Eliminated Week 2,9,7.0,8.0,8.0,,5.0,6.0,6.0,,0.0,0.0,0.0,,0.0,0.0,0.0,,0.0,0.0,0.0,,0.0,0.0,0.0,,0.0,0.0,0.0,,0.0,0.0,0.0,,,,,,,,,,,,,,3,30,rank,1,2,23.0,7.666666666666667,17.0,5.666666666666667,0.0,0.0,0.0,0.0,0.0,0.0,0.0,0.0,0.0,0.0,0.0,0.0,0.0,,0.0,,0.0,,2,6,20.0,-6.000000000000003
Tia Carrere,Maksim Chmerkoskiy,Actor/Actress,Hawaii,United States,39,2,Eliminated Week 5,6,6.0,7.0,7.0,,7.0,8.0,7.0,,9.0,8.0,9.0,,9.0,8.0,8.0,,7.0,7.0,8.0,,0.0,0.0,0.0,,0.0,0.0,0.0,,0.0,0.0,0.0,,,,,,,,,,,,,,3,30,rank,1,5,20.0,6.666666666666667,22.0,7.333333333333333,26.0,8.666666666666666,25.0,8.333333333333334,22.0,7.333333333333333,0.0,0.0,0.0,0.0,0.0,0.0,0.0,,0.0,,0.0,,5,7,23.0,0.6999999999999984
George Hamilton,Edyta Sliwinska,Actor/Actress,Tennessee,United States,66,2,Eliminated Week 6,5,7.0,5.0,6.0,,8.0,7.0,7.0,,7.0,7.0,8.0,,7.0,7.0,7.0,,8.0,8.0,8.0,,8.0,7.0,8.0,,0.0,0.0,0.0,,0.0,0.0,0.0,,,,,,,,,,,,,,3,30,rank,1,6,18.0,6.0,22.0,7.333333333333333,22.0,7.333333333333333,21.0,7.0,24.0,8.0,23.0,7.666666666666667,0.0,0.0,0.0,0.0,0.0,,0.0,,0.0,,6,2,21.666666666666668,0.857142857142857
Lisa Rinna,Louis van Amstel,Actor/Actress,California,United States,42,2,Eliminated Week 7,4,5.0,7.0,7.0,,6.0,7.0,7.0,,8.0,8.0,9.0,,9.0,9.0,8.0,,7.0,9.0,9.0,,9.0,9.0,9.0,,8.5,9.0,9.0,,0.0,0.0,0.0,,,,,,,,,,,,,,3,30,rank,1,7,19.0,6.333333333333333,20.0,6.666666666666667,25.0,8.333333333333334,26.0,8.666666666666666,25.0,8.333333333333334,27.0,9.0,26.5,8.833333333333334,0.0,0.0,0.0,,0.0,,0.0,,7,5,24.071428571428573,1.303571428571428
Stacy Keibler,Tony Dovolani,Athlete,Maryland,United States,26,2,3rd Place,3,8.0,6.0,8.0,,9.0,10.0,10.0,,9.0,9.0,9.0,,8.0,9.0,9.0,,10.0,10.0,10.0,,10.0,10.0,10.0,,9.0,9.0,9.5,,9.3333,9.6666,9.6666,,,,,,,,,,,,,,3,30,rank,1,9,22.0,7.333333333333333,29.0,9.666666666666666,27.0,9.0,26.0,8.666666666666666,30.0,10.0,30.0,10.0,27.5,9.166666666666666,28.6665,9.5555,0.0,,0.0,,0.0,,8,8,27.520812499999998,0.6210178571428554
Jerry Rice,Anna Trebunskaya,Athlete,Mississippi,United States,43,2,2nd Place,2,7.0,7.0,7.0,,7.0,8.0,8.0,,7.0,6.0,6.0,,8.0,8.0,8.0,,7.0,8.0,8.0,,8.0,7.0,8.0,,7.0,7.0,6.5,,9.0,9.0,8.6666,,,,,,,,,,,,,,3,30,rank,1,10,21.0,7.0,23.0,7.666666666666667,19.0,6.333333333333333,24.0,8.0,23.0,7.666666666666667,23.0,7.666666666666667,20.5,6.833333333333333,26.666600000000003,8.888866666666667,0.0,,0.0,,0.0,,8,9,22.520825000000002,0.45435952380952327
Giselle Fernandez,Jonathan Roberts,News Anchor,,Mexico,44,2,Eliminated Week 3,8,7.0,8.0,8.0,,8.0,8.0,8.0,,7.0,8.0,7.0,,0.0,0.0,0.0,,0.0,0.0,0.0,,0.0,0.0,0.0,,0.0,0.0,0.0,,0.0,0.0,0.0,,,,,,,,,,,,,,3,30,rank,1,3,23.0,7.666666666666667,24.0,8.0,22.0,7.333333333333333,0.0,0.0,0.0,0.0,0.0,0.0,0.0,0.0,0.0,0.0,0.0,,0.0,,0.0,,3,3,23.0,-0.4999999999999986
Master P,Ashly DelGrosso,Singer/Rapper,Louisiana,United States,35,2,Eliminated Week 4,7,4.0,4.0,4.0,,6.0,5.0,5.0,,6.0,4.0,4.0,,4.0,2.0,2.0,,0.0,0.0,0.0,,0.0,0.0,0.0,,0.0,0.0,0.0,,0.0,0.0,0.0,,,,,,,,,,,,,,3,30,rank,1,4,12.0,4.0,16.0,5.333333333333333,14.0,4.666666666666667,8.0,2.6666666666666665,0.0,0.0,0.0,0.0,0.0,0.0,0.0,0.0,0.0,,0.0,,0.0,,4,4,12.5,-1.4000000000000001
Drew Lachey,Cheryl Burke,Singer/Rapper,Ohio,United States,29,2,1st Place,1,8.0,8.0,8.0,,9.0,9.0,9.0,,9.0,9.0,9.0,,9.0,9.0,10.0,,9.0,9.0,9.0,,10.0,10.0,10.0,,9.5,9.0,9.0,,9.6666,9.6666,9.6666,,,,,,,,,,,,,,3,30,rank,1,99,24.0,8.0,27.0,9.0,27.0,9.0,28.0,9.333333333333334,27.0,9.0,30.0,10.0,27.5,9.166666666666666,28.9998,9.6666,0.0,,0.0,,0.0,,8,10,27.437475,0.5416499999999993
Kenny Mayne,Andrea Hale,Sports Broadcaster,Washington,United States,46,2,Eliminated Week 1,10,4.0,5.0,4.0,,0.0,0.0,0.0,,0.0,0.0,0.0,,0.0,0.0,0.0,,0.0,0.0,0.0,,0.0,0.0,0.0,,0.0,0.0,0.0,,0.0,0.0,0.0,,,,,,,,,,,,,,3,30,rank,1,1,13.0,4.333333333333333,0.0,0.0,0.0,0.0,0.0,0.0,0.0,0.0,0.0,0.0,0.0,0.0,0.0,0.0,0.0,,0.0,,0.0,,1,11,13.0,0.0
Kate Flannery,Pasha Pashkov,Actor/Actress,Pennsylvania,United States,55,28,Eliminated Week 8,7,5.0,5.0,5.0,,7.0,7.0,7.0,,8.0,8.0,8.0,,7.0,7.0,6.0,6.0,8.0,8.0,8.0,,9.0,9.0,9.0,,8.0,8.0,8.0,,8.6666,8.6666,8.6666,,0.0,0.0,0.0,0.0,0.0,0.0,0.0,,0.0,0.0,0.0,,3,30,rank,3,8,15.0,5.0,21.0,7.0,24.0,8.0,26.0,6.5,24.0,8.0,27.0,9.0,24.0,8.0,25.9998,8.6666,0.0,0.0,0.0,0.0,0.0,0.0,8,46,23.374975,1.1785547619047612
James Van Der Beek,Emma Slater,Actor/Actress,Connecticut,United States,42,28,Eliminated Week 10,5,7.0,7.0,7.0,,7.0,6.0,7.0,,8.0,7.0,8.0,,7.0,7.0,7.0,7.0,9.0,8.0,9.0,,9.0,9.0,9.0,,9.0,9.0,9.0,,10.6666,10.6666,10.6666,,9.0,8.5,9.5,9.0,8.5,8.5,8.5,,0.0,0.0,0.0,,3,30,rank,3,10,21.0,7.0,20.0,6.666666666666667,23.0,7.666666666666667,28.0,7.0,26.0,8.666666666666666,27.0,9.0,27.0,9.0,31.9998,10.6666,36.0,9.0,25.5,8.5,0.0,0.0,10,34,26.549979999999998,1.1848424242424243
Kel Mitchell,Witney Carson,Actor/Actress,Illinois,United States,41,28,2nd Place,2,6.0,5.0,5.0,,7.0,6.0,7.0,,7.0,6.0,7.0,,8.0,8.0,8.0,8.0,9.0,8.0,9.0,,9.0,8.0,9.0,,8.5,8.5,8.5,,9.6666,9.6666,10.6666,,9.0,9.0,9.5,9.5,9.5,9.5,9.5,,10.0,9.5,10.0,,3,30,rank,3,10,16.0,5.333333333333333,20.0,6.666666666666667,20.0,6.666666666666667,32.0,8.0,26.0,8.666666666666666,26.0,8.666666666666666,25.5,8.5,29.9998,9.999933333333333,37.0,9.25,28.5,9.5,29.5,9.833333333333334,11,38,26.409072727272726,1.3454509090909095
Ray Lewis,Cheryl Burke,Athlete,Florida,United States,44,28,Withdrew,11,5.0,5.0,5.0,,5.0,5.0,5.0,,0.0,0.0,0.0,,0.0,0.0,0.0,0.0,0.0,0.0,0.0,,0.0,0.0,0.0,,0.0,0.0,0.0,,0.0,0.0,0.0,,0.0,0.0,0.0,0.0,0.0,0.0,0.0,,0.0,0.0,0.0,,3,30,rank,3,-1,15.0,5.0,15.0,5.0,0.0,0.0,0.0,0.0,0.0,0.0,0.0,0.0,0.0,0.0,0.0,0.0,0.0,0.0,0.0,0.0,0.0,0.0,2,10,15.0,-8.119847570969573e-16
Lamar Odom,Peta Murgatroyd,Athlete,New York,United States,39,28,Eliminated Week 4,10,5.0,3.0,3.0,,4.0,4.0,4.0,,4.0,4.0,4.0,,5.0,7.0,4.0,4.0,0.0,0.0,0.0,,0.0,0.0,0.0,,0.0,0.0,0.0,,0.0,0.0,0.0,,0.0,0.0,0.0,0.0,0.0,0.0,0.0,,0.0,0.0,0.0,,3,30,rank,3,4,11.0,3.6666666666666665,12.0,4.0,12.0,4.0,20.0,5.0,0.0,0.0,0.0,0.0,0.0,0.0,0.0,0.0,0.0,0.0,0.0,0.0,0.0,0.0,4,29,13.75,2.699999999999999
Sailor Brinkley-Cook,Valentin Chmerkovskiy,Model,New York,United States,21,28,Eliminated Week 6,9,6.0,6.0,6.0,,6.0,6.0,6.0,,7.0,8.0,8.0,,7.0,8.0,8.0,8.0,8.0,8.0,8.0,,9.0,9.0,9.0,,0.0,0.0,0.0,,0.0,0.0,0.0,,0.0,0.0,0.0,0.0,0.0,0.0,0.0,,0.0,0.0,0.0,,3,30,rank,3,6,18.0,6.0,18.0,6.0,23.0,7.666666666666667,31.0,7.75,24.0,8.0,27.0,9.0,0.0,0.0,0.0,0.0,0.0,0.0,0.0,0.0,0.0,0.0,6,28,23.5,2.028571428571428
Sean Spicer,Lindsay Arnold,Politician,New York,United States,48,28,Eliminated Week 9,6,4.0,4.0,4.0,,6.0,5.0,5.0,,5.0,5.0,5.0,,5.0,6.0,5.0,5.0,7.0,6.0,6.0,,7.0,7.0,7.0,,7.0,7.0,7.0,,7.0,7.0,6.0,,6.5,6.0,6.5,6.0,0.0,0.0,0.0,,0.0,0.0,0.0,,3,30,rank,3,9,12.0,4.0,16.0,5.333333333333333,15.0,5.0,21.0,5.25,19.0,6.333333333333333,21.0,7.0,21.0,7.0,20.0,6.666666666666667,25.0,6.25,0.0,0.0,0.0,0.0,9,31,18.88888888888889,1.266666666666667
Mary Wilson,Brandon Armstrong,Singer/Rapper,Nevada,United States,75,28,Eliminated Week 2,12,6.0,5.0,6.0,,5.0,5.0,5.0,,0.0,0.0,0.0,,0.0,0.0,0.0,0.0,0.0,0.0,0.0,,0.0,0.0,0.0,,0.0,0.0,0.0,,0.0,0.0,0.0,,0.0,0.0,0.0,0.0,0.0,0.0,0.0,,0.0,0.0,0.0,,3,30,rank,3,2,17.0,5.666666666666667,15.0,5.0,0.0,0.0,0.0,0.0,0.0,0.0,0.0,0.0,0.0,0.0,0.0,0.0,0.0,0.0,0.0,0.0,0.0,0.0,2,45,16.0,-2.000000000000002
Lauren Alaina,Gleb Savchenko,Singer/Rapper,Georgia,United States,24,28,4th Place,4,7.0,6.0,6.0,,6.0,6.0,7.0,,6.0,7.0,7.0,,8.0,8.0,8.0,8.0,8.0,7.0,8.0,,9.0,8.0,9.0,,9.0,9.0,9.0,,8.0,8.0,8.0,,9.0,9.0,8.5,8.5,9.0,9.0,9.0,,9.5,9.5,9.5,,3,30,rank,3,8,19.0,6.333333333333333,19.0,6.333333333333333,20.0,6.666666666666667,32.0,8.0,23.0,7.666666666666667,26.0,8.666666666666666,27.0,9.0,24.0,8.0,35.0,8.75,27.0,9.0,28.5,9.5,11,33,25.5,1.0227272727272736
Ally Brooke,Sasha Farber,Singer/Rapper,Texas,United States,26,28,3rd Place,3,5.0,5.0,6.0,,7.0,6.0,7.0,,8.0,8.0,8.0,,8.0,8.0,8.0,8.0,9.0,9.0,9.0,,8.0,9.0,8.0,,9.0,9.0,9.0,,10.0,10.0,10.0,,10.0,10.0,10.0,10.0,10.0,9.5,10.0,,10.0,10.0,10.0,,3,30,rank,3,9,16.0,5.333333333333333,20.0,6.666666666666667,24.0,8.0,32.0,8.0,27.0,9.0,25.0,8.333333333333334,27.0,9.0,30.0,10.0,40.0,10.0,29.5,9.833333333333334,30.0,10.0,11,35,27.318181818181817,1.3818181818181814
Karamo Brown,Jenna Johnson,Tv Personality,Texas,United States,38,28,Eliminated Week 7,8,6.0,5.0,6.0,,7.0,5.0,7.0,,5.0,5.0,6.0,,7.0,7.0,7.0,7.0,7.0,7.0,7.0,,9.0,8.0,8.0,,8.5,8.0,8.0,,0.0,0.0,0.0,,0.0,0.0,0.0,0.0,0.0,0.0,0.0,,0.0,0.0,0.0,,3,30,rank,3,7,17.0,5.666666666666667,19.0,6.333333333333333,16.0,5.333333333333333,28.0,7.0,21.0,7.0,25.0,8.333333333333334,24.5,8.166666666666666,0.0,0.0,0.0,0.0,0.0,0.0,0.0,0.0,7,42,21.5,1.410714285714287
Hannah Brown,Alan Bersten,Tv Personality,Alabama,United States,24,28,1st Place,1,7.0,7.0,6.0,,8.0,8.0,8.0,,7.0,7.0,7.0,,8.0,8.0,8.0,8.0,9.0,7.0,9.0,,8.0,8.0,8.0,,8.5,9.0,8.5,,10.6666,9.6666,10.6666,,9.0,8.5,9.0,9.0,9.0,9.0,9.0,,10.0,9.5,9.5,,3,30,rank,3,99,20.0,6.666666666666667,24.0,8.0,21.0,7.0,32.0,8.0,25.0,8.333333333333334,24.0,8.0,26.0,8.666666666666666,30.9998,10.333266666666667,35.5,8.875,27.0,9.0,29.0,9.666666666666666,11,44,26.77270909090909,0.9045418181818179
Anne Heche,Keo Motsepe,Actor/Actress,Ohio,United States,51,29,Eliminated Week 4,13,6.0,6.0,6.0,,6.0,6.0,6.0,,5.0,5.0,5.0,,7.0,7.0,7.0,,0.0,0.0,0.0,,0.0,0.0,0.0,,0.0,0.0,0.0,,0.0,0.0,0.0,,0.0,0.0,0.0,,0.0,0.0,0.0,,0.0,0.0,0.0,,3,30,rank,3,4,18.0,6.0,18.0,6.0,15.0,5.0,21.0,7.0,0.0,0.0,0.0,0.0,0.0,0.0,0.0,0.0,0.0,0.0,0.0,0.0,0.0,0.0,4,41,18.0,0.6000000000000006
Jesse Metcalfe,Sharna Burgess,Actor/Actress,California,United States,41,29,Eliminated Week 5,12,6.0,6.0,6.0,,7.0,7.0,6.0,,7.0,6.0,7.0,,7.0,7.0,7.0,,7.0,6.0,6.0,,0.0,0.0,0.0,,0.0,0.0,0.0,,0.0,0.0,0.0,,0.0,0.0,0.0,,0.0,0.0,0.0,,0.0,0.0,0.0,,3,30,rank,3,5,18.0,6.0,20.0,6.666666666666667,20.0,6.666666666666667,21.0,7.0,19.0,6.333333333333333,0.0,0.0,0.0,0.0,0.0,0.0,0.0,0.0,0.0,0.0,0.0,0.0,5,32,19.6,0.29999999999999705
Chrishell Stause,Gleb Savchenko,Actor/Actress,Kentucky,United States,39,29,Eliminated Week 8,8,4.0,5.0,4.0,,6.0,6.0,6.0,,7.0,7.0,8.0,,7.0,8.0,7.0,,6.0,6.0,7.0,,8.0,8.0,8.0,,9.0,9.0,8.0,,9.0,9.0,9.0,,0.0,0.0,0.0,,0.0,0.0,0.0,,0.0,0.0,0.0,,3,30,rank,3,8,13.0,4.333333333333333,18.0,6.0,22.0,7.333333333333333,22.0,7.333333333333333,19.0,6.333333333333333,24.0,8.0,26.0,8.666666666666666,27.0,9.0,0.0,0.0,0.0,0.0,0.0,0.0,8,33,21.375,1.6785714285714275
Skai Jackson,Alan Bersten,Actor/Actress,New York,United States,18,29,Eliminated Week 10,5,7.0,7.0,7.0,,5.0,5.0,5.0,,6.0,6.0,6.0,,10.0,9.0,9.0,,8.0,8.0,8.0,,6.0,6.0,6.0,,9.0,9.0,9.0,,8.6666,9.6666,8.6666,,9.6666,9.6666,9.6666,,9.5,9.5,9.5,,0.0,0.0,0.0,,3,30,rank,3,10,21.0,7.0,15.0,5.0,18.0,6.0,28.0,9.333333333333334,24.0,8.0,18.0,6.0,27.0,9.0,26.9998,8.999933333333333,28.9998,9.6666,28.5,9.5,0.0,0.0,10,44,23.54996,1.221197575757575
Justina Machado,Sasha Farber,Actor/Actress,Illinois,United States,48,29,4th Place,4,7.0,7.0,7.0,,7.0,7.0,7.0,,7.0,6.0,6.0,,8.0,8.0,8.0,,8.0,8.0,8.0,,9.0,9.0,9.0,,9.0,9.0,8.0,,9.6666,9.6666,9.6666,,8.6666,8.6666,8.6666,,9.5,10.0,9.5,,10.0,10.0,10.0,,3,30,rank,3,8,21.0,7.0,21.0,7.0,19.0,6.333333333333333,24.0,8.0,24.0,8.0,27.0,9.0,26.0,8.666666666666666,28.9998,9.6666,25.9998,8.6666,29.0,9.666666666666666,30.0,10.0,11,35,25.090872727272725,0.9999909090909097
Charles Oakley,Emma Slater,Athlete,Ohio,United States,56,29,Eliminated Week 2,15,4.0,4.0,4.0,,5.0,5.0,5.0,,0.0,0.0,0.0,,0.0,0.0,0.0,,0.0,0.0,0.0,,0.0,0.0,0.0,,0.0,0.0,0.0,,0.0,0.0,0.0,,0.0,0.0,0.0,,0.0,0.0,0.0,,0.0,0.0,0.0,,3,30,rank,3,2,12.0,4.0,15.0,5.0,0.0,0.0,0.0,0.0,0.0,0.0,0.0,0.0,0.0,0.0,0.0,0.0,0.0,0.0,0.0,0.0,0.0,0.0,2,34,13.5,2.9999999999999987
Veron Davis,Peta Murgatroyd,Athlete,Washington D.C.,United States,36,29,Eliminated Week 6,11,5.0,6.0,6.0,,6.0,6.0,6.0,,8.0,7.0,7.0,,8.0,7.0,7.0,,7.0,7.0,7.0,,7.0,7.0,7.0,,0.0,0.0,0.0,,0.0,0.0,0.0,,0.0,0.0,0.0,,0.0,0.0,0.0,,0.0,0.0,0.0,,3,30,rank,3,6,17.0,5.666666666666667,18.0,6.0,22.0,7.333333333333333,22.0,7.333333333333333,21.0,7.0,21.0,7.0,0.0,0.0,0.0,0.0,0.0,0.0,0.0,0.0,0.0,0.0,6,29,20.166666666666668,0.8285714285714268
Johnny Weir,Britt Stewart,Athlete,Pennsylvania,United States,36,29,Eliminated Week 10,6,6.0,6.0,6.0,,6.0,6.0,6.0,,8.0,8.0,8.0,,8.0,8.0,8.0,,10.0,10.0,9.0,,7.0,8.0,7.0,,9.0,9.0,9.0,,10.0,10.0,10.0,,10.0,10.0,10.0,,9.5,9.5,9.5,,0.0,0.0,0.0,,3,30,rank,3,10,18.0,6.0,18.0,6.0,24.0,8.0,24.0,8.0,29.0,9.666666666666666,22.0,7.333333333333333,27.0,9.0,30.0,10.0,30.0,10.0,28.5,9.5,0.0,0.0,10,47,25.05,1.2757575757575759
Nev Schulman,Jenna Johnson,Producer,New York,United States,35,29,2nd Place,2,7.0,7.0,6.0,,7.0,7.0,7.0,,8.0,8.0,8.0,,8.0,8.0,8.0,,8.0,9.0,9.0,,9.0,9.0,8.0,,10.0,10.0,10.0,,10.0,10.0,10.0,,9.6666,9.6666,9.6666,,10.0,10.0,10.0,,10.0,10.0,10.0,,3,30,rank,3,10,20.0,6.666666666666667,21.0,7.0,24.0,8.0,24.0,8.0,26.0,8.666666666666666,26.0,8.666666666666666,30.0,10.0,30.0,10.0,28.9998,9.6666,30.0,10.0,30.0,10.0,11,42,26.363618181818183,1.063630909090909
AJ McLean,Cheryl Burke,Singer/Rapper,Florida,United States,42,29,Eliminated Week 9,7,6.0,6.0,6.0,,7.0,6.0,6.0,,7.0,7.0,7.0,,8.0,8.0,8.0,,8.0,8.0,8.0,,9.0,9.0,9.0,,9.0,8.0,9.0,,9.0,9.0,9.0,,7.6666,8.6666,8.6666,,0.0,0.0,0.0,,0.0,0.0,0.0,,3,30,rank,3,9,18.0,6.0,19.0,6.333333333333333,21.0,7.0,24.0,8.0,24.0,8.0,27.0,9.0,26.0,8.666666666666666,27.0,9.0,24.9998,8.333266666666667,0.0,0.0,0.0,0.0,9,10,23.444422222222222,1.0833200000000012
Nelly,Daniella Karagach,Singer/Rapper,Texas,United States,45,29,3rd Place,3,5.0,5.0,6.0,,6.0,6.0,6.0,,6.0,6.0,6.0,,7.0,7.0,7.0,,8.0,8.0,8.0,,8.0,8.0,8.0,,9.0,9.0,9.0,,8.0,8.0,8.0,,8.0,8.0,8.0,,9.5,9.0,9.5,,9.5,9.5,9.5,,3,30,rank,3,9,16.0,5.333333333333333,18.0,6.0,18.0,6.0,21.0,7.0,24.0,8.0,24.0,8.0,27.0,9.0,24.0,8.0,24.0,8.0,28.0,9.333333333333334,28.5,9.5,11,48,22.954545454545453,1.1772727272727275
Kaitlyn Bristowe,Artem Chigvintsev,Tv Personality,,Canada,35,29,1st Place,1,6.0,7.0,7.0,,7.0,8.0,7.0,,8.0,7.0,8.0,,9.0,8.0,8.0,,9.0,9.0,9.0,,9.0,9.0,9.0,,7.0,9.0,8.0,,9.0,10.0,9.0,,10.0,10.0,10.0,,10.0,10.0,10.0,,10.0,10.0,10.0,,3,30,rank,3,99,20.0,6.666666666666667,22.0,7.333333333333333,23.0,7.666666666666667,25.0,8.333333333333334,27.0,9.0,27.0,9.0,24.0,8.0,28.0,9.333333333333334,30.0,10.0,30.0,10.0,30.0,10.0,11,40,26.0,0.963636363636364
Carole Baskin,Pasha Pashkov,Tv Personality,Texas,United States,59,29,Eliminated Week 3,14,4.0,4.0,3.0,,6.0,5.0,5.0,,5.0,4.0,3.0,,0.0,0.0,0.0,,0.0,0.0,0.0,,0.0,0.0,0.0,,0.0,0.0,0.0,,0.0,0.0,0.0,,0.0,0.0,0.0,,0.0,0.0,0.0,,0.0,0.0,0.0,,3,30,rank,3,3,11.0,3.6666666666666665,16.0,5.333333333333333,12.0,4.0,0.0,0.0,0.0,0.0,0.0,0.0,0.0,0.0,0.0,0.0,0.0,0.0,0.0,0.0,0.0,0.0,3,46,13.0,0.4999999999999998
Monica Aldama,Valentin Chmerkovskiy,Tv Personality,Alabama,United States,48,29,Eliminated Week 7,10,6.0,7.0,6.0,,5.0,6.0,5.0,,7.0,7.0,7.0,,8.0,8.0,8.0,,9.0,9.0,8.0,,9.0,9.0,9.0,,7.0,8.0,7.0,,0.0,0.0,0.0,,0.0,0.0,0.0,,0.0,0.0,0.0,,0.0,0.0,0.0,,3,30,rank,3,7,19.0,6.333333333333333,16.0,5.333333333333333,21.0,7.0,24.0,8.0,26.0,8.666666666666666,27.0,9.0,22.0,7.333333333333333,0.0,0.0,0.0,0.0,0.0,0.0,0.0,0.0,7,28,22.142857142857142,1.285714285714286
Jeannie Mai,Brandon Armstrong,Tv Personality,California,United States,41,29,Withdrew,9,6.0,6.0,6.0,,6.0,6.0,6.0,,7.0,7.0,8.0,,7.0,7.0,7.0,,8.0,8.0,8.0,,8.0,8.0,9.0,,8.0,9.0,8.0,,0.0,0.0,0.0,,0.0,0.0,0.0,,0.0,0.0,0.0,,0.0,0.0,0.0,,3,30,rank,3,-1,18.0,6.0,18.0,6.0,22.0,7.333333333333333,21.0,7.0,24.0,8.0,25.0,8.333333333333334,25.0,8.333333333333334,0.0,0.0,0.0,0.0,0.0,0.0,0.0,0.0,7,45,21.857142857142858,1.321428571428571
Martin Kove,Britt Stewart,Actor/Actress,New York,United States,75,30,Eliminated Week 2,15,4.0,3.0,3.0,3.0,4.0,3.0,4.0,4.0,0.0,0.0,0.0,,0.0,0.0,0.0,0.0,0.0,0.0,0.0,0.0,0.0,0.0,0.0,0.0,0.0,0.0,0.0,0.0,0.0,0.0,0.0,0.0,0.0,0.0,0.0,0.0,0.0,0.0,0.0,0.0,,,,,4,40,rank,3,2,13.0,3.25,15.0,3.75,0.0,0.0,0.0,0.0,0.0,0.0,0.0,0.0,0.0,0.0,0.0,0.0,0.0,0.0,0.0,0.0,0.0,,2,47,14.0,1.9999999999999976
Brian Austin Green,Sharna Burgess,Actor/Actress,California,United States,48,30,Eliminated Week 4,13,6.0,6.0,6.0,6.0,6.0,5.0,6.0,6.0,7.0,6.0,6.0,,6.5,6.0,7.0,6.5,0.0,0.0,0.0,0.0,0.0,0.0,0.0,0.0,0.0,0.0,0.0,0.0,0.0,0.0,0.0,0.0,0.0,0.0,0.0,0.0,0.0,0.0,0.0,0.0,,,,,4,40,rank,3,4,24.0,6.0,23.0,5.75,19.0,6.333333333333333,26.0,6.5,0.0,0.0,0.0,0.0,0.0,0.0,0.0,0.0,0.0,0.0,0.0,0.0,0.0,,4,32,23.0,0.20000000000000037
Melora Hardin,Artem Chigvintsev,Actor/Actress,Texas,United States,54,30,Eliminated Week 9,6,7.0,6.0,7.0,6.0,7.0,6.0,7.0,7.0,8.0,7.0,8.0,,9.0,9.5,9.0,9.0,9.0,9.0,9.0,9.0,8.0,9.0,8.0,9.0,9.5,9.5,9.5,9.5,10.5,10.5,10.5,10.5,8.5,9.5,9.0,9.0,0.0,0.0,0.0,0.0,,,,,4,40,rank,3,9,26.0,6.5,27.0,6.75,23.0,7.666666666666667,36.5,9.125,36.0,9.0,34.0,8.5,38.0,9.5,42.0,10.5,36.0,9.0,0.0,0.0,0.0,,9,40,33.166666666666664,1.8750000000000002
Matt James,Lindsay Arnold,Athlete,North Carolina,United States,29,30,Eliminated Week 4,12,6.0,6.0,6.0,6.0,5.0,5.0,6.0,6.0,7.0,6.0,7.0,,7.0,6.5,7.5,7.5,0.0,0.0,0.0,0.0,0.0,0.0,0.0,0.0,0.0,0.0,0.0,0.0,0.0,0.0,0.0,0.0,0.0,0.0,0.0,0.0,0.0,0.0,0.0,0.0,,,,,4,40,rank,3,4,24.0,6.0,22.0,5.5,20.0,6.666666666666667,28.5,7.125,0.0,0.0,0.0,0.0,0.0,0.0,0.0,0.0,0.0,0.0,0.0,0.0,0.0,,4,31,23.625,1.1499999999999984
"Mike ""The Miz"" Mizanin",Witney Carson,Athlete,Ohio,United States,40,30,Eliminated Week 7,9,6.0,6.0,6.0,6.0,7.0,5.0,7.0,7.0,7.0,7.0,8.0,,8.5,7.5,8.5,8.0,8.0,8.0,8.0,8.0,9.0,8.0,9.0,8.0,8.0,8.0,8.0,8.0,0.0,0.0,0.0,0.0,0.0,0.0,0.0,0.0,0.0,0.0,0.0,0.0,,,,,4,40,rank,3,7,24.0,6.0,26.0,6.5,22.0,7.333333333333333,32.5,8.125,32.0,8.0,34.0,8.5,32.0,8.0,0.0,0.0,0.0,0.0,0.0,0.0,0.0,,7,38,28.928571428571427,1.7857142857142865
Suni Lee,Sasha Farber,Athlete,Minnesota,United States,18,30,Eliminated Week 9,5,7.0,7.0,7.0,7.0,7.0,7.0,7.0,7.0,7.0,7.0,7.0,,8.5,8.0,9.0,8.5,9.0,9.0,9.0,9.0,9.0,9.0,9.0,9.0,8.25,8.25,8.25,9.25,10.5,10.5,10.5,10.5,10.0,9.0,9.5,9.0,0.0,0.0,0.0,0.0,,,,,4,40,rank,3,9,28.0,7.0,28.0,7.0,21.0,7.0,34.0,8.5,36.0,9.0,36.0,9.0,34.0,8.5,42.0,10.5,37.5,9.375,0.0,0.0,0.0,,9,35,32.94444444444444,1.7999999999999998
Iman Shumpert,Daniella Karagach,Athlete,Illinois,United States,31,30,1st Place,1,7.0,4.0,5.0,5.0,7.0,6.0,6.0,6.0,7.0,6.0,6.0,,8.5,6.5,8.5,8.0,7.0,7.0,7.0,7.0,10.0,10.0,10.0,10.0,9.5,7.5,8.5,8.5,9.0,8.0,9.0,9.0,9.5,9.0,10.0,9.0,10.0,10.0,10.0,10.0,,,,,4,40,rank,3,99,21.0,5.25,25.0,6.25,19.0,6.333333333333333,31.5,7.875,28.0,7.0,40.0,10.0,34.0,8.5,35.0,8.75,37.5,9.375,40.0,10.0,0.0,,10,48,31.1,2.16969696969697
Cody Rigsby,Cheryl Burke,Fitness Instructor,California,United States,34,30,3rd Place,3,6.0,6.0,6.0,6.0,6.0,6.0,6.0,6.0,6.0,6.0,6.0,,7.5,6.5,7.5,7.5,8.0,8.0,8.0,8.0,9.0,9.0,9.0,9.0,8.5,8.5,9.5,9.5,10.0,10.0,9.0,9.0,9.0,9.0,8.5,9.0,9.5,9.5,9.5,9.5,,,,,4,40,rank,3,9,24.0,6.0,24.0,6.0,18.0,6.0,29.0,7.25,32.0,8.0,36.0,9.0,36.0,9.0,38.0,9.5,35.5,8.875,38.0,9.5,0.0,,10,10,31.05,2.0090909090909097
Melanie C,Gleb Savchenko,Singer/Rapper,,England,47,30,Eliminated Week 5,11,7.0,7.0,6.0,7.0,7.0,7.0,8.0,8.0,7.0,7.0,8.0,,8.0,8.0,8.5,8.5,9.0,9.0,9.0,9.0,0.0,0.0,0.0,0.0,0.0,0.0,0.0,0.0,0.0,0.0,0.0,0.0,0.0,0.0,0.0,0.0,0.0,0.0,0.0,0.0,,,,,4,40,rank,3,5,27.0,6.75,30.0,7.5,22.0,7.333333333333333,33.0,8.25,36.0,9.0,0.0,0.0,0.0,0.0,0.0,0.0,0.0,0.0,0.0,0.0,0.0,,5,33,29.6,2.099999999999998
Jimmie Allen,Emma Slater,Singer/Rapper,Delaware,United States,36,30,Eliminated Week 8,7,6.0,5.0,6.0,5.0,7.0,6.0,7.0,7.0,6.0,6.0,8.0,,8.5,7.5,8.5,8.0,8.0,8.0,9.0,9.0,10.0,9.0,10.0,9.0,9.0,9.0,10.0,10.0,8.0,8.0,8.0,8.0,0.0,0.0,0.0,0.0,0.0,0.0,0.0,0.0,,,,,4,40,rank,3,8,22.0,5.5,27.0,6.75,20.0,6.666666666666667,32.5,8.125,34.0,8.5,38.0,9.5,38.0,9.5,32.0,8.0,0.0,0.0,0.0,0.0,0.0,,8,34,30.4375,2.148809523809522
Olivia Jade,Valentin Chmerkovskiy,Social Media Personality,California,United States,21,30,Eliminated Week 8,8,7.0,6.0,6.0,6.0,7.0,6.0,7.0,7.0,8.0,8.0,8.0,,8.0,9.0,9.0,9.0,9.0,9.0,9.0,9.0,9.0,9.0,9.0,9.0,11.0,9.0,11.0,11.0,9.0,9.0,9.0,9.0,0.0,0.0,0.0,0.0,0.0,0.0,0.0,0.0,,,,,4,40,rank,3,8,25.0,6.25,27.0,6.75,24.0,8.0,35.0,8.75,36.0,9.0,36.0,9.0,42.0,10.5,36.0,9.0,0.0,0.0,0.0,0.0,0.0,,8,28,32.625,2.2499999999999973
JoJo Siwa,Jenna Johnson,Social Media Personality,Nebraska,United States,18,30,2nd Place,2,8.0,7.0,7.0,7.0,8.0,8.0,7.0,8.0,8.0,8.0,8.0,,8.5,8.5,9.0,9.0,10.0,10.0,10.0,10.0,10.0,10.0,10.0,10.0,10.0,9.0,10.0,10.0,10.5,9.5,10.5,10.5,10.0,10.0,10.0,10.0,10.0,10.0,10.0,10.0,,,,,4,40,rank,3,10,29.0,7.25,31.0,7.75,24.0,8.0,35.0,8.75,40.0,10.0,40.0,10.0,39.0,9.75,41.0,10.25,40.0,10.0,40.0,10.0,0.0,,10,42,35.9,1.5696969696969687
Christine Chiu,Pasha Pashkov,Tv Personality,,Taiwan China,38,30,Eliminated Week 3,14,6.0,7.0,6.0,6.0,6.0,6.0,6.0,6.0,7.0,7.0,7.0,,0.0,0.0,0.0,0.0,0.0,0.0,0.0,0.0,0.0,0.0,0.0,0.0,0.0,0.0,0.0,0.0,0.0,0.0,0.0,0.0,0.0,0.0,0.0,0.0,0.0,0.0,0.0,0.0,,,,,4,40,rank,3,3,25.0,6.25,24.0,6.0,21.0,7.0,0.0,0.0,0.0,0.0,0.0,0.0,0.0,0.0,0.0,0.0,0.0,0.0,0.0,0.0,0.0,,3,46,23.333333333333332,-1.9999999999999971
Kenya Moore,Brandon Armstrong,Tv Personality,Michigan,United States,50,30,Eliminated Week 6,10,7.0,6.0,6.0,7.0,6.0,6.0,6.0,6.0,7.0,7.0,7.0,,7.0,7.0,8.0,7.5,9.0,9.0,9.0,9.0,8.0,8.0,8.0,8.0,0.0,0.0,0.0,0.0,0.0,0.0,0.0,0.0,0.0,0.0,0.0,0.0,0.0,0.0,0.0,0.0,,,,,4,40,rank,3,6,26.0,6.5,24.0,6.0,21.0,7.0,29.5,7.375,36.0,9.0,32.0,8.0,0.0,0.0,0.0,0.0,0.0,0.0,0.0,0.0,0.0,,6,45,28.083333333333332,2.128571428571428
Amanda Kloots,Alan Bersten,Tv Personality,Ohio,United States,39,30,4th Place,4,7.0,7.0,7.0,7.0,8.0,8.0,8.0,8.0,8.0,8.0,8.0,,8.5,8.5,8.5,8.5,10.0,10.0,9.0,10.0,9.0,9.0,10.0,10.0,8.25,8.25,8.25,9.25,10.5,10.5,10.5,10.5,9.5,10.0,10.0,10.0,9.5,10.0,9.5,10.0,,,,,4,40,rank,3,8,28.0,7.0,32.0,8.0,24.0,8.0,34.0,8.5,39.0,9.75,38.0,9.5,34.0,8.5,42.0,10.5,39.5,9.875,39.0,9.75,0.0,,10,44,34.95,1.4575757575757575
Jason Lewis,Peta Murgatroyd,Actor/Actress,California,United States,51,31,Eliminated Week 1,16,5.0,4.0,4.0,5.0,0.0,0.0,0.0,0.0,0.0,0.0,0.0,0.0,0.0,0.0,0.0,0.0,0.0,0.0,0.0,0.0,0.0,0.0,0.0,0.0,0.0,0.0,0.0,0.0,0.0,0.0,0.0,0.0,0.0,0.0,0.0,0.0,0.0,0.0,0.0,0.0,,,,,4,40,rank,3,1,18.0,4.5,0.0,0.0,0.0,0.0,0.0,0.0,0.0,0.0,0.0,0.0,0.0,0.0,0.0,0.0,0.0,0.0,0.0,0.0,0.0,,1,29,18.0,0.0
Cheryl Ladd,Louis van Amstel,Actor/Actress,South Dakota,United States,71,31,Eliminated Week 3,14,6.0,5.0,5.0,5.0,5.0,6.0,5.0,5.0,6.0,6.0,6.0,6.0,0.0,0.0,0.0,0.0,0.0,0.0,0.0,0.0,0.0,0.0,0.0,0.0,0.0,0.0,0.0,0.0,0.0,0.0,0.0,0.0,0.0,0.0,0.0,0.0,0.0,0.0,0.0,0.0,,,,,4,40,rank,3,3,21.0,5.25,21.0,5.25,24.0,6.0,0.0,0.0,0.0,0.0,0.0,0.0,0.0,0.0,0.0,0.0,0.0,0.0,0.0,0.0,0.0,,3,5,22.0,1.5000000000000022
Selma Blair,Sasha Farber,Actor/Actress,Michigan,United States,50,31,Withdrew,12,7.0,7.0,7.0,7.0,7.0,7.0,7.0,7.0,7.0,7.0,7.0,7.0,8.0,8.0,8.0,8.0,10.0,10.0,10.0,10.0,0.0,0.0,0.0,0.0,0.0,0.0,0.0,0.0,0.0,0.0,0.0,0.0,0.0,0.0,0.0,0.0,0.0,0.0,0.0,0.0,,,,,4,40,rank,3,-1,28.0,7.0,28.0,7.0,28.0,7.0,32.0,8.0,40.0,10.0,0.0,0.0,0.0,0.0,0.0,0.0,0.0,0.0,0.0,0.0,0.0,,5,35,31.2,2.799999999999996
Joseph Baena,Daniella Karagach,Actor/Actress,California,United States,24,31,Eliminated Week 5,11,6.0,5.0,6.0,6.0,6.0,6.0,6.0,6.0,8.0,7.0,7.0,7.0,7.0,7.0,7.0,7.0,9.0,8.5,9.0,8.5,0.0,0.0,0.0,0.0,0.0,0.0,0.0,0.0,0.0,0.0,0.0,0.0,0.0,0.0,0.0,0.0,0.0,0.0,0.0,0.0,,,,,4,40,rank,3,5,23.0,5.75,24.0,6.0,29.0,7.25,28.0,7.0,35.0,8.75,0.0,0.0,0.0,0.0,0.0,0.0,0.0,0.0,0.0,0.0,0.0,,5,48,27.8,2.7999999999999963
Trevor Donovan,Emma Slater,Actor/Actress,California,United States,39,31,Eliminated Week 9,6,5.0,5.0,5.0,6.0,7.0,7.0,8.0,8.0,7.0,6.0,7.0,7.0,7.0,7.0,7.0,7.0,9.0,9.0,9.0,9.0,9.0,8.0,8.0,9.0,10.0,9.0,10.0,10.0,9.25,10.25,9.25,10.25,8.5,8.0,8.0,8.0,0.0,0.0,0.0,0.0,,,,,4,40,rank,3,9,21.0,5.25,30.0,7.5,27.0,6.75,28.0,7.0,36.0,9.0,34.0,8.5,39.0,9.75,39.0,9.75,32.5,8.125,0.0,0.0,0.0,,9,34,31.833333333333332,1.7166666666666675
Daniel Durant,Britt Stewart,Actor/Actress,Michigan,United States,32,31,Eliminated Week 9,5,7.0,6.0,7.0,7.0,7.0,7.0,7.0,8.0,8.0,7.0,8.0,8.0,7.0,7.0,7.0,8.0,8.125,8.125,8.625,8.625,9.0,8.0,8.0,9.0,9.0,8.5,9.5,9.5,10.0,9.0,10.0,10.0,9.0,8.0,9.0,8.5,0.0,0.0,0.0,0.0,,,,,4,40,rank,3,9,27.0,6.75,29.0,7.25,31.0,7.75,29.0,7.25,33.5,8.375,34.0,8.5,36.5,9.125,39.0,9.75,34.5,8.625,0.0,0.0,0.0,,9,47,32.611111111111114,1.2666666666666664
Wayne Brady,Witney Carson,Comedian,Georgia,United States,50,31,3rd Place,3,7.0,7.0,7.0,8.0,8.0,8.0,8.0,8.0,8.0,8.0,8.0,9.0,9.0,9.0,9.0,9.0,10.125,10.125,10.125,10.625,8.0,9.0,8.0,9.0,9.5,9.0,9.5,10.0,11.25,11.25,11.25,11.25,9.5,9.0,9.0,9.0,9.5,9.5,9.5,9.5,,,,,4,40,rank,3,9,29.0,7.25,32.0,8.0,33.0,8.25,36.0,9.0,41.0,10.25,34.0,8.5,38.0,9.5,45.0,11.25,36.5,9.125,38.0,9.5,0.0,,10,38,36.25,1.03939393939394
Sam Champion,Cheryl Burke,News Anchor,Kentucky,United States,61,31,Eliminated Week 4,13,5.0,5.0,5.0,5.0,6.0,6.0,7.0,7.0,6.0,6.0,6.0,7.0,7.0,6.0,6.0,6.0,0.0,0.0,0.0,0.0,0.0,0.0,0.0,0.0,0.0,0.0,0.0,0.0,0.0,0.0,0.0,0.0,0.0,0.0,0.0,0.0,0.0,0.0,0.0,0.0,,,,,4,40,rank,3,4,20.0,5.0,26.0,6.5,25.0,6.25,25.0,6.25,0.0,0.0,0.0,0.0,0.0,0.0,0.0,0.0,0.0,0.0,0.0,0.0,0.0,,4,10,24.0,1.4000000000000001
Jessie James Decker,Alan Bersten,Singer/Rapper,,Italy,34,31,Eliminated Week 6,10,5.0,5.0,5.0,5.0,7.0,6.0,6.0,6.0,6.0,6.0,7.0,7.0,8.0,7.0,8.0,8.0,8.875,8.875,9.375,8.875,8.0,8.0,8.0,8.0,0.0,0.0,0.0,0.0,0.0,0.0,0.0,0.0,0.0,0.0,0.0,0.0,0.0,0.0,0.0,0.0,,,,,4,40,rank,3,6,20.0,5.0,25.0,6.25,26.0,6.5,31.0,7.75,36.0,9.0,32.0,8.0,0.0,0.0,0.0,0.0,0.0,0.0,0.0,0.0,0.0,,6,44,28.333333333333332,2.7999999999999994
Jordin Sparks,Brandon Armstrong,Singer/Rapper,Arizona,United States,32,31,Eliminated Week 7,9,7.0,6.0,6.0,7.0,7.0,6.0,7.0,7.0,7.0,7.0,7.0,8.0,9.0,8.0,8.0,9.0,8.875,8.375,8.875,9.375,9.0,8.0,8.0,9.0,8.5,9.0,8.5,8.5,0.0,0.0,0.0,0.0,0.0,0.0,0.0,0.0,0.0,0.0,0.0,0.0,,,,,4,40,rank,3,7,26.0,6.5,27.0,6.75,29.0,7.25,34.0,8.5,35.5,8.875,34.0,8.5,34.5,8.625,0.0,0.0,0.0,0.0,0.0,0.0,0.0,,7,45,31.428571428571427,1.6428571428571432
Heidi D'Amelio,Artem Chigvintsev,Social Media Personality,Louisiana,United States,50,31,Eliminated Week 8,8,6.0,6.0,6.0,6.0,7.0,7.0,7.0,7.0,8.0,8.0,8.0,8.0,9.0,8.0,8.0,9.0,9.625,10.125,9.625,9.625,9.0,9.0,9.0,9.0,8.5,9.0,9.0,8.5,9.0,8.0,9.0,9.0,0.0,0.0,0.0,0.0,0.0,0.0,0.0,0.0,,,,,4,40,rank,3,8,24.0,6.0,28.0,7.0,32.0,8.0,34.0,8.5,39.0,9.75,36.0,9.0,35.0,8.75,35.0,8.75,0.0,0.0,0.0,0.0,0.0,,8,40,32.875,1.5357142857142836
Charli D'Amelio,Mark Ballas,Social Media Personality,Connecticut,United States,18,31,1st Place,1,8.0,8.0,8.0,8.0,8.0,8.0,8.0,8.0,8.0,8.0,8.0,9.0,9.0,9.0,9.0,9.0,10.375,10.375,10.375,10.875,10.0,10.0,10.0,10.0,9.5,9.5,10.0,10.0,11.25,11.25,11.25,11.25,10.0,10.0,10.0,10.0,10.0,10.0,10.0,10.0,,,,,4,40,rank,3,99,32.0,8.0,32.0,8.0,33.0,8.25,36.0,9.0,42.0,10.5,40.0,10.0,39.0,9.75,45.0,11.25,40.0,10.0,40.0,10.0,0.0,,10,18,37.9,1.1818181818181832
Teresa Giudice,Pasha Pashkov,Tv Personality,New Jersey,United States,50,31,Eliminated Week 2,15,5.0,5.0,5.0,5.0,6.0,5.0,6.0,6.0,0.0,0.0,0.0,0.0,0.0,0.0,0.0,0.0,0.0,0.0,0.0,0.0,0.0,0.0,0.0,0.0,0.0,0.0,0.0,0.0,0.0,0.0,0.0,0.0,0.0,0.0,0.0,0.0,0.0,0.0,0.0,0.0,,,,,4,40,rank,3,2,20.0,5.0,23.0,5.75,0.0,0.0,0.0,0.0,0.0,0.0,0.0,0.0,0.0,0.0,0.0,0.0,0.0,0.0,0.0,0.0,0.0,,2,46,21.5,2.999999999999997
Vinny Guadagnino,Koko Iwasaki,Tv Personality,New York,United States,34,31,Eliminated Week 8,7,4.0,4.0,5.0,4.0,7.0,6.0,7.0,7.0,6.0,5.0,6.0,6.0,8.0,7.0,7.0,7.0,7.75,7.75,7.75,7.75,7.0,7.0,7.0,7.0,7.5,8.0,8.0,8.0,8.0,7.0,7.0,7.0,0.0,0.0,0.0,0.0,0.0,0.0,0.0,0.0,,,,,4,40,rank,3,8,17.0,4.25,27.0,6.75,23.0,5.75,29.0,7.25,31.0,7.75,28.0,7.0,31.5,7.875,29.0,7.25,0.0,0.0,0.0,0.0,0.0,,8,49,26.9375,1.4702380952380936
Shangela,Gleb Savchenko,Tv Personality,Texas,United States,40,31,4th Place,4,7.0,7.0,7.0,7.0,7.0,7.0,7.0,7.0,8.0,7.0,7.0,8.0,8.0,8.0,8.0,8.0,9.75,9.25,9.75,9.75,9.0,9.0,9.0,9.0,9.0,9.5,9.0,9.0,11.25,10.25,10.25,10.25,9.5,9.0,9.0,9.0,9.5,9.5,9.5,9.5,,,,,4,40,rank,3,8,28.0,7.0,28.0,7.0,30.0,7.5,32.0,8.0,38.5,9.625,36.0,9.0,36.5,9.125,42.0,10.5,36.5,9.125,38.0,9.5,0.0,,10,33,34.55,1.3363636363636378
Gabby Windey,Valentin Chmerkovskiy,Tv Personality,Illinois,United States,31,31,2nd Place,2,7.0,7.0,7.0,7.0,8.0,8.0,8.0,8.0,8.0,8.0,8.0,9.0,9.0,9.0,9.0,9.0,10.25,10.25,10.25,10.25,9.0,9.0,9.0,10.0,9.0,9.0,8.5,9.0,10.0,10.0,10.0,10.0,10.0,10.0,10.0,10.0,10.0,10.0,10.0,10.0,,,,,4,40,rank,3,10,28.0,7.0,32.0,8.0,33.0,8.25,36.0,9.0,41.0,10.25,37.0,9.25,35.5,8.875,40.0,10.0,40.0,10.0,40.0,10.0,0.0,,10,28,36.25,1.1727272727272735
Jamie Lynn Spears,Alan Bersten,Actor/Actress,Mississippi,United States,32,32,Eliminated Week 2,13,5.0,5.0,5.0,,6.0,5.0,5.0,,0.0,0.0,0.0,0.0,0.0,0.0,0.0,,0.0,0.0,0.0,,0.0,0.0,0.0,0.0,0.0,0.0,0.0,0.0,0.0,0.0,0.0,0.0,0.0,0.0,0.0,0.0,0.0,0.0,0.0,,0.0,0.0,0.0,,3,30,rank,3,2,15.0,5.0,16.0,5.333333333333333,0.0,0.0,0.0,0.0,0.0,0.0,0.0,0.0,0.0,0.0,0.0,0.0,0.0,0.0,0.0,0.0,0.0,0.0,2,44,15.5,0.9999999999999981
Mira Sorvino,Gleb Savchenko,Actor/Actress,New York,United States,55,32,Eliminated Week 5,10,6.0,5.0,6.0,,6.0,6.0,6.0,,6.0,6.0,7.0,7.0,7.0,7.0,7.0,,7.0,8.0,7.0,,0.0,0.0,0.0,0.0,0.0,0.0,0.0,0.0,0.0,0.0,0.0,0.0,0.0,0.0,0.0,0.0,0.0,0.0,0.0,,0.0,0.0,0.0,,3,30,rank,3,5,17.0,5.666666666666667,18.0,6.0,26.0,6.5,21.0,7.0,22.0,7.333333333333333,0.0,0.0,0.0,0.0,0.0,0.0,0.0,0.0,0.0,0.0,0.0,0.0,5,33,20.8,1.299999999999997
Barry Williams,Peta Murgatroyd,Actor/Actress,California,United States,68,32,Eliminated Week 8,7,6.0,5.0,5.0,,5.0,5.0,5.0,,6.0,6.0,7.0,6.0,6.0,6.0,6.0,,8.0,8.0,8.0,,8.25,7.25,8.25,8.25,8.0,8.0,8.5,8.0,8.75,8.75,8.75,8.75,0.0,0.0,0.0,0.0,0.0,0.0,0.0,,0.0,0.0,0.0,,3,30,rank,3,8,16.0,5.333333333333333,15.0,5.0,25.0,6.25,18.0,6.0,24.0,8.0,32.0,8.0,32.5,8.125,35.0,8.75,0.0,0.0,0.0,0.0,0.0,0.0,8,29,24.6875,2.9464285714285716
Alyson Hannigan,Sasha Farber,Actor/Actress,Washington D.C.,United States,49,32,5th Place,5,5.0,4.0,4.0,,7.0,6.0,6.0,,6.0,6.0,6.0,6.0,6.0,6.0,6.0,,7.0,7.0,7.0,,7.5,7.5,7.5,8.5,8.5,8.5,9.5,8.5,8.75,8.75,9.75,8.75,7.75,7.75,8.75,7.75,8.5,8.5,8.5,,9.0,8.5,9.0,,3,30,rank,3,7,13.0,4.333333333333333,19.0,6.333333333333333,24.0,6.0,18.0,6.0,21.0,7.0,31.0,7.75,35.0,8.75,36.0,9.0,32.0,8.0,25.5,8.5,26.5,8.833333333333334,11,35,25.545454545454547,1.522727272727273
Xochitl Gomez,Valentin Chmerkovskiy,Actor/Actress,California,United States,17,32,1st Place,1,6.0,6.0,6.0,,8.0,8.0,8.0,,8.0,8.0,8.0,8.0,9.0,9.0,9.0,,9.0,10.0,9.0,,10.25,10.25,11.25,10.25,9.5,9.0,9.5,9.0,10.0,10.0,10.0,10.0,9.75,9.75,10.75,10.75,10.0,10.0,10.0,,10.0,10.0,10.0,,3,30,rank,3,99,18.0,6.0,24.0,8.0,32.0,8.0,27.0,9.0,28.0,9.333333333333334,42.0,10.5,37.0,9.25,40.0,10.0,41.0,10.25,30.0,10.0,30.0,10.0,11,28,31.727272727272727,1.3272727272727278
Adrian Peterson,Britt Stewart,Athlete,Texas,United States,38,32,Eliminated Week 4,11,6.0,6.0,6.0,,5.0,5.0,5.0,,5.0,5.0,6.0,6.0,7.0,7.0,7.0,,0.0,0.0,0.0,,0.0,0.0,0.0,0.0,0.0,0.0,0.0,0.0,0.0,0.0,0.0,0.0,0.0,0.0,0.0,0.0,0.0,0.0,0.0,,0.0,0.0,0.0,,3,30,rank,3,4,18.0,6.0,15.0,5.0,22.0,5.5,21.0,7.0,0.0,0.0,0.0,0.0,0.0,0.0,0.0,0.0,0.0,0.0,0.0,0.0,0.0,0.0,4,47,19.0,1.5999999999999985
Matt Walsh,Koko Iwasaki,Comedian,Illinois,United States,58,32,Eliminated Week 1,14,4.0,4.0,4.0,,0.0,0.0,0.0,,0.0,0.0,0.0,0.0,0.0,0.0,0.0,,0.0,0.0,0.0,,0.0,0.0,0.0,0.0,0.0,0.0,0.0,0.0,0.0,0.0,0.0,0.0,0.0,0.0,0.0,0.0,0.0,0.0,0.0,,0.0,0.0,0.0,,3,30,rank,3,1,12.0,4.0,0.0,0.0,0.0,0.0,0.0,0.0,0.0,0.0,0.0,0.0,0.0,0.0,0.0,0.0,0.0,0.0,0.0,0.0,0.0,0.0,1,49,12.0,0.0
Tyson Beckford,Jenna Johnson,Model,New York,United States,52,32,Eliminated Week 3,12,4.0,4.0,4.0,,6.0,6.0,6.0,,5.0,5.0,5.0,5.0,0.0,0.0,0.0,,0.0,0.0,0.0,,0.0,0.0,0.0,0.0,0.0,0.0,0.0,0.0,0.0,0.0,0.0,0.0,0.0,0.0,0.0,0.0,0.0,0.0,0.0,,0.0,0.0,0.0,,3,30,rank,3,3,12.0,4.0,18.0,6.0,20.0,5.0,0.0,0.0,0.0,0.0,0.0,0.0,0.0,0.0,0.0,0.0,0.0,0.0,0.0,0.0,0.0,0.0,3,42,16.666666666666668,4.000000000000001
Jason Mraz,Daniella Karagach,Singer/Rapper,Virginia,United States,46,32,2nd Place,2,7.0,7.0,7.0,,8.0,8.0,8.0,,9.0,8.0,9.0,8.0,8.0,8.0,8.0,,9.0,9.0,9.0,,9.75,9.75,9.75,9.75,8.5,8.5,10.0,9.0,8.0,9.0,8.0,8.0,10.75,10.75,10.75,10.75,9.5,9.5,9.5,,10.0,10.0,10.0,,3,30,rank,3,10,21.0,7.0,24.0,8.0,34.0,8.5,24.0,8.0,27.0,9.0,39.0,9.75,36.0,9.0,33.0,8.25,43.0,10.75,28.5,9.5,30.0,10.0,11,48,30.863636363636363,1.0636363636363637
Lele Pons,Brandon Armstrong,Social Media Personality,,Venezuela,27,32,Eliminated Week 7,8,6.0,7.0,6.0,,7.0,7.0,7.0,,7.0,6.0,7.0,7.0,7.0,7.0,8.0,,8.0,8.0,8.0,,9.0,9.0,9.0,10.0,9.5,9.0,9.0,9.0,0.0,0.0,0.0,0.0,0.0,0.0,0.0,0.0,0.0,0.0,0.0,,0.0,0.0,0.0,,3,30,rank,3,7,19.0,6.333333333333333,21.0,7.0,27.0,6.75,22.0,7.333333333333333,24.0,8.0,37.0,9.25,36.5,9.125,0.0,0.0,0.0,0.0,0.0,0.0,0.0,0.0,7,45,26.642857142857142,2.9107142857142856
Harry Jowsey,Rylee Arnold,Tv Personality,,Australia,26,32,Eliminated Week 9,6,4.0,4.0,4.0,,5.0,5.0,5.0,,6.0,5.0,7.0,6.0,7.0,7.0,7.0,,6.0,6.0,6.0,,7.25,7.25,7.25,7.25,8.0,8.0,8.0,8.0,7.0,7.0,7.0,7.0,8.0,7.0,8.0,7.0,0.0,0.0,0.0,,0.0,0.0,0.0,,3,30,rank,3,9,12.0,4.0,15.0,5.0,24.0,6.0,21.0,7.0,18.0,6.0,29.0,7.25,32.0,8.0,28.0,7.0,30.0,7.5,0.0,0.0,0.0,0.0,9,50,23.22222222222222,2.2500000000000004
Mauricio Umansky,Emma Slater,Tv Personality,,Mexico,53,32,Eliminated Week 6,9,5.0,5.0,5.0,,4.0,4.0,4.0,,7.0,5.0,6.0,5.0,7.0,6.0,6.0,,8.0,8.0,8.0,,8.5,8.5,7.5,8.5,0.0,0.0,0.0,0.0,0.0,0.0,0.0,0.0,0.0,0.0,0.0,0.0,0.0,0.0,0.0,,0.0,0.0,0.0,,3,30,rank,3,6,15.0,5.0,12.0,4.0,23.0,5.75,19.0,6.333333333333333,24.0,8.0,33.0,8.25,0.0,0.0,0.0,0.0,0.0,0.0,0.0,0.0,0.0,0.0,6,34,21.0,3.4857142857142844
Charity Lawson,Artem Chigvintsev,Tv Personality,Georgia,United States,27,32,4th Place,4,7.0,7.0,8.0,,7.0,7.0,7.0,,8.0,8.0,8.0,8.0,8.0,8.0,8.0,,10.0,9.0,9.0,,9.75,9.75,8.75,9.75,9.0,9.0,9.0,9.0,9.75,9.75,9.75,9.75,9.0,10.0,9.0,10.0,10.0,9.5,10.0,,9.5,10.0,10.0,,3,30,rank,3,8,22.0,7.333333333333333,21.0,7.0,32.0,8.0,24.0,8.0,28.0,9.333333333333334,38.0,9.5,36.0,9.0,39.0,9.75,38.0,9.5,29.5,9.833333333333334,29.5,9.833333333333334,11,40,30.636363636363637,1.1590909090909098
Ariana Madix,Pasha Pashkov,Tv Personality,Florida,United States,38,32,3rd Place,3,7.0,7.0,7.0,,6.0,7.0,7.0,,9.0,8.0,9.0,8.0,8.0,9.0,8.0,,8.0,8.0,8.0,,10.0,10.0,10.0,11.0,9.0,9.0,10.0,9.0,9.75,10.75,10.75,10.75,9.0,9.0,9.0,10.0,9.5,9.5,10.0,,9.5,10.0,10.0,,3,30,rank,3,9,21.0,7.0,20.0,6.666666666666667,34.0,8.5,25.0,8.333333333333334,24.0,8.0,41.0,10.25,37.0,9.25,42.0,10.5,37.0,9.25,29.0,9.666666666666666,29.5,9.833333333333334,11,46,30.863636363636363,1.2227272727272738
Tori Spelling,Pasha Pashkov,Actor/Actress,California,United States,51,33,Eliminated Week 2,12,6.0,6.0,5.0,,7.0,6.0,6.0,,0.0,0.0,0.0,0.0,0.0,0.0,0.0,0.0,0.0,0.0,0.0,,0.0,0.0,0.0,,0.0,0.0,0.0,,0.0,0.0,0.0,,0.0,0.0,0.0,,,,,,,,,,3,30,rank,3,2,17.0,5.666666666666667,19.0,6.333333333333333,0.0,0.0,0.0,0.0,0.0,0.0,0.0,0.0,0.0,0.0,0.0,0.0,0.0,0.0,0.0,,0.0,,2,46,18.0,1.9999999999999958
Eric Roberts,Britt Stewart,Actor/Actress,California,United States,68,33,Eliminated Week 3,10,5.0,5.0,5.0,,6.0,4.0,5.0,,6.5,5.5,5.5,5.5,0.0,0.0,0.0,0.0,0.0,0.0,0.0,,0.0,0.0,0.0,,0.0,0.0,0.0,,0.0,0.0,0.0,,0.0,0.0,0.0,,,,,,,,,,3,30,rank,3,3,15.0,5.0,15.0,5.0,23.0,5.75,0.0,0.0,0.0,0.0,0.0,0.0,0.0,0.0,0.0,0.0,0.0,0.0,0.0,,0.0,,3,47,17.666666666666668,4.0
Reginald VelJohnson,Emma Slater,Actor/Actress,New York,United States,74,33,Eliminated Week 3,10,6.0,5.0,5.0,,6.0,4.0,5.0,,6.0,5.0,5.0,5.0,0.0,0.0,0.0,0.0,0.0,0.0,0.0,,0.0,0.0,0.0,,0.0,0.0,0.0,,0.0,0.0,0.0,,0.0,0.0,0.0,,,,,,,,,,3,30,rank,3,3,16.0,5.333333333333333,15.0,5.0,21.0,5.25,0.0,0.0,0.0,0.0,0.0,0.0,0.0,0.0,0.0,0.0,0.0,0.0,0.0,,0.0,,3,34,17.333333333333332,2.5000000000000018
Chandler Kinney,Brandon Armstrong,Actor/Actress,California,United States,24,33,3rd Place,3,8.0,7.0,8.0,,8.0,8.0,8.0,,8.5,8.5,9.0,8.5,8.0,8.0,8.0,8.0,9.0,9.0,9.0,,10.0,11.0,11.0,,10.0,10.0,10.0,,9.5,9.5,10.0,,10.0,10.0,10.0,,,,,,,,,,3,30,rank,3,9,23.0,7.666666666666667,24.0,8.0,34.5,8.625,32.0,8.0,27.0,9.0,32.0,10.666666666666666,30.0,10.0,29.0,9.666666666666666,30.0,10.0,0.0,,0.0,,9,45,29.055555555555557,0.5666666666666685
Dwight HowardÂ ,Daniella Karagach,Athlete,Georgia,United States,38,33,Eliminated Week 7,6,8.0,7.0,7.0,,8.0,7.0,7.0,,7.0,6.5,6.0,6.5,7.0,8.0,7.0,7.0,8.0,8.0,8.0,,11.0,10.0,10.0,,8.0,8.0,8.0,,0.0,0.0,0.0,,0.0,0.0,0.0,,,,,,,,,,3,30,rank,3,7,22.0,7.333333333333333,22.0,7.333333333333333,26.0,6.5,29.0,7.25,24.0,8.0,31.0,10.333333333333334,24.0,8.0,0.0,0.0,0.0,0.0,0.0,,0.0,,7,48,25.428571428571427,0.7857142857142871
Danny Amendola,Witney Carson,Athlete,Texas,United States,39,33,5th Place,5,7.0,6.0,7.0,,7.0,7.0,7.0,,7.5,7.5,8.0,7.0,9.0,9.0,9.0,9.0,8.5,8.5,8.5,,10.0,9.0,9.0,,8.5,8.5,8.5,,9.0,9.0,9.0,,9.0,9.5,9.5,,,,,,,,,,3,30,rank,3,7,20.0,6.666666666666667,21.0,7.0,30.0,7.5,36.0,9.0,25.5,8.5,28.0,9.333333333333334,25.5,8.5,27.0,9.0,28.0,9.333333333333334,0.0,,0.0,,9,38,26.77777777777778,0.5499999999999998
Stephen Nedoroscik,Rylee Arnold,Athlete,Florida,United States,26,33,4th Place,4,7.0,7.0,7.0,,8.0,7.0,7.0,,8.0,8.0,7.5,7.5,8.0,9.0,8.0,8.0,8.0,8.0,8.0,,10.0,9.0,9.0,,9.5,9.0,8.5,,9.0,8.5,9.0,,10.0,9.5,10.0,,,,,,,,,,3,30,rank,3,8,21.0,7.0,22.0,7.333333333333333,31.0,7.75,33.0,8.25,24.0,8.0,28.0,9.333333333333334,27.0,9.0,26.5,8.833333333333334,29.5,9.833333333333334,0.0,,0.0,,9,50,26.88888888888889,0.575000000000001
Ilona Maher,Alan Bersten,Athlete,California,United States,28,33,2nd Place,2,6.0,6.0,6.0,,7.0,7.0,7.0,,7.5,7.0,7.0,6.5,8.0,8.0,8.0,8.0,9.0,8.5,8.5,,8.0,8.0,8.0,,9.0,8.5,8.5,,9.5,9.5,9.5,,9.5,9.5,9.5,,,,,,,,,,3,30,rank,3,10,18.0,6.0,21.0,7.0,28.0,7.0,32.0,8.0,26.0,8.666666666666666,24.0,8.0,26.0,8.666666666666666,28.5,9.5,28.5,9.5,0.0,,0.0,,9,44,25.77777777777778,0.875000000000002
Anna Delvey,Ezra Sosa,Con Artist,,Russia,33,33,Eliminated Week 2,12,6.0,6.0,6.0,,6.0,5.0,6.0,,0.0,0.0,0.0,0.0,0.0,0.0,0.0,0.0,0.0,0.0,0.0,,0.0,0.0,0.0,,0.0,0.0,0.0,,0.0,0.0,0.0,,0.0,0.0,0.0,,,,,,,,,,3,30,rank,3,2,18.0,6.0,17.0,5.666666666666667,0.0,0.0,0.0,0.0,0.0,0.0,0.0,0.0,0.0,0.0,0.0,0.0,0.0,0.0,0.0,,0.0,,2,51,17.5,-1.0000000000000024
Brooks Nader,Gleb Savchenko,Model,New York,United States,27,33,Eliminated Week 4,9,6.0,6.0,6.0,,7.0,6.0,7.0,,7.5,7.5,8.0,7.5,8.0,8.0,8.0,8.0,0.0,0.0,0.0,,0.0,0.0,0.0,,0.0,0.0,0.0,,0.0,0.0,0.0,,0.0,0.0,0.0,,,,,,,,,,3,30,rank,3,4,18.0,6.0,20.0,6.666666666666667,30.5,7.625,32.0,8.0,0.0,0.0,0.0,0.0,0.0,0.0,0.0,0.0,0.0,0.0,0.0,,0.0,,4,33,25.125,5.25
Phaedra Parks,Val Chmerkovskiy,Tv Personality,Georgia,United States,51,33,Eliminated Week 5,8,7.0,6.0,6.0,,7.0,7.0,7.0,,7.5,7.5,6.0,7.0,8.0,8.0,8.0,8.0,8.0,8.0,8.0,,0.0,0.0,0.0,,0.0,0.0,0.0,,0.0,0.0,0.0,,0.0,0.0,0.0,,,,,,,,,,3,30,rank,3,5,19.0,6.333333333333333,21.0,7.0,28.0,7.0,32.0,8.0,24.0,8.0,0.0,0.0,0.0,0.0,0.0,0.0,0.0,0.0,0.0,,0.0,,5,52,24.8,2.0999999999999974
Jenn Tran,Sasha Farber,Tv Personality,Florida,United States,26,33,Eliminated Week 6,7,7.0,6.0,6.0,,6.0,6.0,7.0,,8.0,8.0,7.0,8.0,8.0,8.0,8.0,8.0,8.5,8.5,8.5,,11.0,10.0,10.0,,0.0,0.0,0.0,,0.0,0.0,0.0,,0.0,0.0,0.0,,,,,,,,,,3,30,rank,3,6,19.0,6.333333333333333,19.0,6.333333333333333,31.0,7.75,32.0,8.0,25.5,8.5,31.0,10.333333333333334,0.0,0.0,0.0,0.0,0.0,0.0,0.0,,0.0,,6,35,26.25,2.299999999999999
Joey Graziadei,Jenna Johnson,Tv Personality,Louisiana,United States,29,33,1st Place,1,7.0,7.0,7.0,,8.0,7.0,7.0,,9.0,9.0,8.5,8.5,9.0,9.0,9.0,9.0,8.5,8.5,9.0,,11.0,10.0,11.0,,9.0,9.5,9.0,,9.5,10.0,9.5,,9.5,10.0,10.0,,,,,,,,,,3,30,rank,3,99,21.0,7.0,22.0,7.333333333333333,35.0,8.75,36.0,9.0,26.0,8.666666666666666,32.0,10.666666666666666,27.5,9.166666666666666,29.0,9.666666666666666,29.5,9.833333333333334,0.0,,0.0,,9,42,28.666666666666668,0.6000000000000018
Corey Feldman,Jenna Johnson,Actor/Actress,California,United States,54,34,Eliminated Week 2,13,4.0,5.0,,,5.0,5.0,5.0,,0.0,0.0,0.0,,0.0,0.0,0.0,,0.0,0.0,0.0,0.0,0.0,0.0,0.0,0.0,0.0,0.0,0.0,0.0,0.0,0.0,0.0,0.0,0.0,0.0,0.0,0.0,0.0,0.0,0.0,,0.0,0.0,0.0,,3,30,rank,3,2,9.0,4.5,15.0,5.0,0.0,0.0,0.0,0.0,0.0,0.0,0.0,0.0,0.0,0.0,0.0,0.0,0.0,0.0,0.0,0.0,0.0,0.0,2,42,12.0,5.999999999999997
Danielle Fishel,Pasha Pashkov,Actor/Actress,California,United States,44,34,Eliminated Week 8,8,6.0,6.0,,,7.0,6.0,6.0,,7.0,7.0,7.0,,7.0,7.0,7.0,,7.0,7.0,7.0,8.0,9.0,9.0,9.0,9.0,8.5,8.5,8.5,9.5,9.5,9.0,9.5,9.0,0.0,0.0,0.0,0.0,0.0,0.0,0.0,,0.0,0.0,0.0,,3,30,rank,3,8,12.0,6.0,19.0,6.333333333333333,21.0,7.0,21.0,7.0,29.0,7.25,36.0,9.0,35.0,8.75,37.0,9.25,0.0,0.0,0.0,0.0,0.0,0.0,8,46,26.25,3.666666666666665
Elaine Hendrix,Alan Bersten (Rashad Jennings week 9),Actor/Actress,Georgia,United States,55,34,5th Place,5,6.0,6.0,,,7.0,7.0,7.0,,7.0,7.0,7.0,,8.0,8.0,8.0,,8.0,7.0,7.0,8.0,9.0,9.0,9.0,9.0,8.0,8.0,8.0,8.0,9.0,9.5,10.0,9.0,9.0,9.0,9.0,9.0,9.5,9.5,9.5,,9.6666,9.6666,9.6666,,3,30,rank,3,7,12.0,6.0,21.0,7.0,21.0,7.0,24.0,8.0,30.0,7.5,36.0,9.0,32.0,8.0,37.5,9.375,36.0,9.0,28.5,9.5,28.9998,9.6666,11,53,27.909072727272726,1.7181727272727279
Baron Davis,Britt Stewart,Athlete,California,United States,46,34,Eliminated Week 2,13,5.0,5.0,,,6.0,6.0,6.0,,0.0,0.0,0.0,,0.0,0.0,0.0,,0.0,0.0,0.0,0.0,0.0,0.0,0.0,0.0,0.0,0.0,0.0,0.0,0.0,0.0,0.0,0.0,0.0,0.0,0.0,0.0,0.0,0.0,0.0,,0.0,0.0,0.0,,3,30,rank,3,2,10.0,5.0,18.0,6.0,0.0,0.0,0.0,0.0,0.0,0.0,0.0,0.0,0.0,0.0,0.0,0.0,0.0,0.0,0.0,0.0,0.0,0.0,2,47,14.0,7.9999999999999964
Jordan Chiles,Ezra Sosa (Apolo Anton Ohno week 9),Athlete,Texas,United States,24,34,3rd Place,3,5.0,5.0,,,8.0,7.0,7.0,,8.0,8.0,8.0,,8.0,8.0,8.0,,8.0,8.0,8.0,8.0,10.0,9.0,10.0,10.0,10.0,9.0,9.0,10.0,10.0,9.5,10.0,9.5,9.5,10.5,9.5,9.5,9.5,9.5,9.5,,9.6666,10.0,10.0,,3,30,rank,3,9,10.0,5.0,22.0,7.333333333333333,24.0,8.0,24.0,8.0,32.0,8.0,39.0,9.75,38.0,9.5,39.0,9.75,39.0,9.75,28.5,9.5,29.666600000000003,9.888866666666667,11,54,29.5606,1.866663636363637
Andy Richter,Emma Slater/Kaitlyn Bristowe (week 9),Comedian,California,United States,59,34,Eliminated Week 9,7,5.0,4.0,,,6.0,5.0,5.0,,6.0,6.0,6.0,,6.0,6.0,6.0,,6.0,6.0,6.0,6.0,7.0,6.0,7.0,7.0,7.25,7.25,7.25,7.25,8.0,8.5,9.5,8.0,8.0,7.0,7.0,7.0,0.0,0.0,0.0,,0.0,0.0,0.0,,3,30,rank,3,9,9.0,4.5,16.0,5.333333333333333,18.0,6.0,18.0,6.0,24.0,6.0,27.0,6.75,29.0,7.25,34.0,8.5,29.0,7.25,0.0,0.0,0.0,0.0,9,55,22.666666666666668,2.7499999999999996
Robert Irwin,Witney Carson (Xoshitl Gomez week 9),Conservationist,,Australia,22,34,1st Place,1,8.0,7.0,,,8.0,7.0,7.0,,8.0,7.0,7.0,,7.0,7.0,8.0,,8.0,9.0,9.0,9.0,9.0,9.0,9.0,9.0,10.75,9.75,9.75,10.75,9.0,9.5,10.0,9.5,10.5,10.5,10.5,10.5,10.0,9.5,10.0,,9.6666,10.0,10.0,,3,30,rank,3,99,15.0,7.5,22.0,7.333333333333333,22.0,7.333333333333333,22.0,7.333333333333333,35.0,8.75,36.0,9.0,41.0,10.25,38.0,9.5,42.0,10.5,29.5,9.833333333333334,29.666600000000003,9.888866666666667,11,56,30.196963636363638,1.830300000000001
Hilaria Baldwin,Gleb Savchenko,Entrepreneur,New York,United States,41,34,Eliminated Week 4,11,7.0,7.0,,,7.0,7.0,7.0,,7.0,8.0,7.0,,8.0,7.0,8.0,,0.0,0.0,0.0,0.0,0.0,0.0,0.0,0.0,0.0,0.0,0.0,0.0,0.0,0.0,0.0,0.0,0.0,0.0,0.0,0.0,0.0,0.0,0.0,,0.0,0.0,0.0,,3,30,rank,3,4,14.0,7.0,21.0,7.0,22.0,7.333333333333333,23.0,7.666666666666667,0.0,0.0,0.0,0.0,0.0,0.0,0.0,0.0,0.0,0.0,0.0,0.0,0.0,0.0,4,33,20.0,2.7999999999999994
Lauren Jauregui,Brandon Armstrong,Singer/Rapper,Florida,United States,29,34,Eliminated Week 3,12,7.0,6.0,,,7.0,7.0,7.0,,6.0,6.0,6.0,,0.0,0.0,0.0,,0.0,0.0,0.0,0.0,0.0,0.0,0.0,0.0,0.0,0.0,0.0,0.0,0.0,0.0,0.0,0.0,0.0,0.0,0.0,0.0,0.0,0.0,0.0,,0.0,0.0,0.0,,3,30,rank,3,3,13.0,6.5,21.0,7.0,18.0,6.0,0.0,0.0,0.0,0.0,0.0,0.0,0.0,0.0,0.0,0.0,0.0,0.0,0.0,0.0,0.0,0.0,3,45,17.333333333333332,2.5000000000000018
Scott Hoying,Rylee Arnold,Singer/Rapper,California,United States,34,34,Eliminated Week 6,10,5.0,5.0,,,6.0,6.0,6.0,,8.0,7.0,7.0,,7.0,7.0,7.0,,7.0,8.0,7.0,8.0,7.0,7.0,7.0,7.0,0.0,0.0,0.0,0.0,0.0,0.0,0.0,0.0,0.0,0.0,0.0,0.0,0.0,0.0,0.0,,0.0,0.0,0.0,,3,30,rank,3,6,10.0,5.0,18.0,6.0,22.0,7.333333333333333,21.0,7.0,30.0,7.5,28.0,7.0,0.0,0.0,0.0,0.0,0.0,0.0,0.0,0.0,0.0,0.0,6,50,21.5,3.5714285714285707
Alix Earle,Val Chmerkovskiy (Joey Graziadei week 9),Social Media Personality,Florida,United States,24,34,2nd Place,2,7.0,6.0,,,7.0,7.0,7.0,,8.0,7.0,8.0,,8.0,8.0,8.0,,8.0,9.0,9.0,9.0,9.0,9.0,8.0,9.0,11.0,11.0,10.0,11.0,9.5,10.0,9.5,9.5,10.0,10.0,10.0,10.0,9.5,10.0,9.5,,10.0,10.0,10.0,,3,30,rank,3,10,13.0,6.5,21.0,7.0,23.0,7.666666666666667,24.0,8.0,35.0,8.75,35.0,8.75,43.0,10.75,38.5,9.625,40.0,10.0,29.0,9.666666666666666,30.0,10.0,11,57,30.136363636363637,1.863636363636364
Jen Affleck,Jan Ravnik,Tv Personality,Utah,United States,26,34,Eliminated Week 7,9,6.0,6.0,,,8.0,7.0,7.0,,7.0,6.0,6.0,,7.0,8.0,8.0,,8.0,7.0,7.0,7.0,8.0,8.0,8.0,8.0,8.5,8.5,8.5,8.5,0.0,0.0,0.0,0.0,0.0,0.0,0.0,0.0,0.0,0.0,0.0,,0.0,0.0,0.0,,3,30,rank,3,7,12.0,6.0,22.0,7.333333333333333,19.0,6.333333333333333,23.0,7.666666666666667,29.0,7.25,32.0,8.0,34.0,8.5,0.0,0.0,0.0,0.0,0.0,0.0,0.0,0.0,7,58,24.428571428571427,3.4285714285714284
Whitney Leavitt,Mark Ballas,Tv Personality,Utah,United States,32,34,Eliminated Week 10,6,7.0,8.0,,,7.0,7.0,8.0,,8.0,8.0,8.0,,9.0,8.0,8.0,,9.0,8.0,8.0,8.0,10.0,9.0,10.0,10.0,10.25,10.25,10.25,11.25,9.5,10.0,10.0,10.0,10.5,10.5,10.5,10.5,9.0,10.0,10.0,,0.0,0.0,0.0,,3,30,rank,3,10,15.0,7.5,22.0,7.333333333333333,24.0,8.0,25.0,8.333333333333334,33.0,8.25,39.0,9.75,42.0,10.5,39.5,9.875,42.0,10.5,29.0,9.666666666666666,0.0,0.0,10,18,31.05,2.427272727272728
Dylan Efron,Daniella Karagach (Rumer Willis week 9),Tv Personality,California,United States,33,34,4th Place,4,5.0,5.0,,,7.0,6.0,7.0,,7.0,8.0,8.0,,7.0,8.0,8.0,,9.0,9.0,9.0,9.0,8.0,8.0,8.0,8.0,9.75,9.75,8.75,9.75,9.0,9.5,10.0,9.5,10.5,10.5,10.5,10.5,9.0,9.0,9.5,,9.6666,9.6666,10.0,,3,30,rank,3,8,10.0,5.0,20.0,6.666666666666667,23.0,7.666666666666667,23.0,7.666666666666667,36.0,9.0,32.0,8.0,38.0,9.5,38.0,9.5,42.0,10.5,27.5,9.166666666666666,29.3332,9.777733333333334,11,59,28.98483636363636,1.9606000000000001
